FirstName,LastName,First_Visit_Code__c,PersonEmail,RecordType.Name,DonorId__c,PersonMailingCity,PersonMailingCountry,PersonMailingPostalCode,PersonMailingState,PersonMailingStreet,PersonMobilePhone,Salutation
Suzy,Dorant,WEV-UGS,sdoranteq@cam.ac.uk.invalid,Donor,donor-01020,Jackson,US,39216,MS,9775 Kennedy Pass,(941) 488-0246,Rev
Wakefield,Growden,IHI-KKU,wgrowdener@mashable.com.invalid,Donor,donor-01022,Meridian,US,39305,MS,97129 Stang Avenue,(512) 103-3814,Honorable
Corrine,Andriolli,SR6-LSL,candriollies@icio.us.invalid,Donor,donor-01024,Sacramento,US,95865,CA,2 Fulton Crossing,(562) 864-8846,Rev
Andonis,Order,ZTC-Y25,aorderet@example.com.invalid,Donor,donor-01026,Louisville,US,40205,KY,01 Becker Hill,(850) 400-4724,Rev
Merrel,Gotecliffe,95S-ZC6,mgotecliffeeu@jugem.jp.invalid,Donor,donor-01028,Ocala,US,34474,FL,94472 Texas Alley,(256) 215-9848,Dr
Cassy,Giotto,BDP-696,cgiottoev@chicagotribune.com.invalid,Donor,donor-01030,Cincinnati,US,45218,OH,1 Bunting Crossing,(952) 685-1584,Ms
Xerxes,Bithell,HJU-977,xbithellew@yandex.ru.invalid,Donor,donor-01032,San Antonio,US,78255,TX,31211 Lawn Park,(718) 601-3202,Ms
Jeanne,Bonallick,A8K-MG8,jbonallickj2@ning.com.invalid,Donor,donor-01034,Portland,US,97255,OR,50293 6th Court,(810) 303-7871,Mrs
Thorndike,Snel,RSU-HTA,tsnelqp@csmonitor.com.invalid,Donor,donor-01036,Salem,US,97306,OR,31 East Way,(214) 228-6798,Honorable
Maia,Waldock,9SS-37C,mwaldockqq@usnews.com.invalid,Donor,donor-01038,Springfield,US,62711,IL,1 Village Green Drive,(407) 696-4594,Ms
Ira,Mantha,IZZ-5EV,imanthaqr@php.net.invalid,Donor,donor-01040,El Paso,US,88574,TX,73 Corscot Lane,(515) 609-0280,Mr
Gabriel,Winsbury,D9G-5HM,gwinsburybe@vkontakte.ru.invalid,Donor,donor-01042,Sioux Falls,US,57110,SD,60206 Judy Road,(616) 534-3912,Mr
Vivyanne,Emma,H3G-ASU,vemmafb@github.io.invalid,Donor,donor-01046,Washington,US,20046,DC,86493 Arrowood Alley,(646) 895-5925,Ms
Dona,Scholefield,QPQ-T6R,dscholefieldfc@google.cn.invalid,Donor,donor-01048,Sunnyvale,US,94089,CA,63475 Dunning Drive,(202) 634-2508,Ms
Gilbertine,Skip,5DX-INC,gskip1m@gnu.org.invalid,Donor,donor-01050,San Antonio,US,78296,TX,9 Vera Hill,(978) 789-2347,Dr
Daisie,Hickenbottom,CXG-LJA,dhickenbottomqm@indiatimes.com.invalid,Donor,donor-01052,Greenville,US,29605,SC,7 Dorton Lane,(214) 405-0972,Dr
Arri,Stapley,1NE-YBC,astapleyf9@yale.edu.invalid,Donor,donor-01054,Washington,US,20430,DC,684 Division Terrace,(808) 947-0257,Mrs
Brewster,Roddam,G79-QBY,broddam2x@google.ca.invalid,Donor,donor-01058,Richmond,US,23242,VA,38972 Almo Alley,(208) 326-1905,Honorable
Derward,Hughlin,ZAI-DK6,dhughlin2z@github.io.invalid,Donor,donor-01062,Largo,US,34643,FL,0 Merchant Plaza,(405) 639-9564,Rev
Jena,Towler,UBQ-M3Z,jtowler30@theatlantic.com.invalid,Donor,donor-01064,Shreveport,US,71137,LA,366 Ramsey Alley,(763) 269-9695,Mr
Elroy,Henriques,53V-S8D,ehenriquesgj@techcrunch.com.invalid,Donor,donor-01068,Boise,US,83757,ID,8103 Northland Way,(409) 473-3415,Dr
Pammy,Bickerstaffe,42E-F4L,pbickerstaffe6c@state.gov.invalid,Donor,donor-01082,Boston,US,2298,MA,2009 Crowley Street,(405) 347-0632,Ms
Laurice,Mc Combe,76Q-6MJ,lmccombeoc@accuweather.com.invalid,Donor,donor-01098,Battle Creek,US,49018,MI,24 Bunker Hill Lane,(786) 849-8794,Dr
Lezlie,Filasov,LMY-S59,lfilasov8j@wordpress.org.invalid,Donor,donor-01100,Charlotte,US,28256,NC,5560 Oneill Circle,(212) 763-4854,Mrs
Clarita,Milam,9JX-AYS,cmilam8k@arstechnica.com.invalid,Donor,donor-01102,Knoxville,US,37914,TN,7 Randy Pass,(512) 488-1223,Honorable
Viv,Todhunter,S7N-KEJ,vtodhunter8l@dailymotion.com.invalid,Donor,donor-01104,Tuscaloosa,US,35487,AL,46887 Hansons Avenue,(405) 733-4531,Mrs
Amanda,Bulpitt,6CG-2BW,abulpittoa@freewebs.com.invalid,Donor,donor-01106,Hialeah,US,33013,FL,55 Bluejay Place,(281) 823-7333,Rev
Felicle,Veracruysse,W56-J3G,fveracruysse8m@nba.com.invalid,Donor,donor-01108,Rockville,US,20851,MD,974 Mesta Drive,(404) 938-4741,Dr
Giacopo,Greatrakes,G45-I6M,ggreatrakes1g@tripod.com.invalid,Donor,donor-01112,Apache Junction,US,85219,AZ,6173 Melvin Circle,(404) 934-7960,Rev
Elene,Preece,P25-TAS,epreeceoj@examiner.com.invalid,Donor,donor-01116,Juneau,US,99812,AK,88 Corry Plaza,(502) 289-6295,Rev
Talbert,Sturzaker,R87-KY8,tsturzakermh@wordpress.com.invalid,Donor,donor-01118,Fort Lauderdale,US,33320,FL,79795 Sage Lane,(203) 477-5816,Rev
Don,Dearman,BZF-ADL,ddearmanqv@multiply.com.invalid,Donor,donor-01128,Orlando,US,32803,FL,90 Harbort Center,(712) 868-2994,Dr
Savina,Grzegorczyk,T4Y-ZFR,sgrzegorczykqw@oaic.gov.au.invalid,Donor,donor-01130,Detroit,US,48242,MI,33326 Cordelia Hill,(816) 921-6755,Honorable
Loralie,Woodfin,34J-AP3,lwoodfinqx@de.vu.invalid,Donor,donor-01132,Oklahoma City,US,73109,OK,2453 Rieder Center,(314) 459-3219,Dr
Konrad,Mitroshinov,DBH-RC2,kmitroshinovfh@npr.org.invalid,Donor,donor-01146,New York City,US,10090,NY,596 Sunbrook Center,(309) 600-4861,Mrs
Seward,Karpychev,BJN-ZVF,skarpychevfi@japanpost.jp.invalid,Donor,donor-01148,Stockton,US,95219,CA,73037 Shopko Park,(301) 924-4055,Honorable
Winnie,Downe,U4C-2LY,wdowne4l@nifty.com.invalid,Donor,donor-01152,Richmond,US,23203,VA,8 Declaration Way,(408) 812-7674,Honorable
Abbot,Cohen,6LQ-HXB,acohen4m@lulu.com.invalid,Donor,donor-01154,Fayetteville,US,28305,NC,8 Kinsman Junction,(864) 327-1893,Honorable
Dorena,Stoving,S44-7HR,dstoving4k@free.fr.invalid,Donor,donor-01158,Atlanta,US,30386,GA,94 Hauk Street,(928) 821-9090,Dr
Phoebe,Comello,LJI-TTT,pcomellof0@fotki.com.invalid,Donor,donor-01164,Miami,US,33134,FL,5 Rutledge Trail,(978) 112-7886,Dr
Patrizia,Dragoe,9UQ-CHN,pdragoef2@dmoz.org.invalid,Donor,donor-01168,Arlington,US,76016,TX,1299 Kropf Street,(239) 321-6943,Mrs
Paolina,Clyde,TCZ-HUR,pclydemt@zimbio.com.invalid,Donor,donor-01174,San Antonio,US,78291,TX,1 Dapin Terrace,(215) 129-3740,Mrs
Minny,Wolfinger,XBJ-E4V,mwolfingermu@vinaora.com.invalid,Donor,donor-01176,Portland,US,97240,OR,73 Westport Trail,(214) 956-0340,Mr
Israel,Allender,QGV-SCL,iallenderoy@msn.com.invalid,Donor,donor-01180,Waco,US,76711,TX,28 Summit Alley,(505) 508-0681,Rev
Minnie,Whild,T58-IGK,mwhildg1@nytimes.com.invalid,Donor,donor-01184,Denver,US,80279,CO,44308 Linden Plaza,(310) 731-9914,Rev
Tommy,Earnshaw,JWA-XZL,tearnshaw8o@businessinsider.com.invalid,Donor,donor-01186,Hampton,US,23663,VA,64 Hovde Lane,(561) 970-2651,Ms
Laird,Elsmore,X9T-3SE,lelsmore8p@list-manage.com.invalid,Donor,donor-01188,Corpus Christi,US,78415,TX,90177 Hoffman Trail,(914) 463-8337,Mr
Terri-jo,Garritley,KVD-5X6,tgarritley8r@g.co.invalid,Donor,donor-01192,Brockton,US,2305,MA,45716 Harbort Terrace,(304) 939-8453,Dr
Bianka,Sowerbutts,LGT-N2R,bsowerbutts8s@delicious.com.invalid,Donor,donor-01194,South Bend,US,46620,IN,64002 Jackson Parkway,(915) 522-8339,Honorable
Celinka,Downing,MPW-CGB,cdowningpt@sourceforge.net.invalid,Donor,donor-04,New Haven,US,6520,CT,7019 Valley Edge Junction,(626) 407-2499,Mrs
